ZDMC,ZFY
1型糖尿病,710.28
2型糖尿病,1503.0
C67.900,1395.27
EB病毒感染,15179.67
IgA肾病,1652.11
M35.901,6609.48
R50.900,4196.27
Z999032,12780.09
Ⅱ度子宫脱垂,2269.26
一氧化碳中毒,2460.862857142857
一氧化碳毒性效应,1255.51
三叉神经痛,5729.493333333333
上呼吸道,68.94500000000001
上呼吸道恶性肿瘤,11.603333333333333
上呼吸道感染,90.11071428571427
上呼吸道疾病,83.6222727272728
上消化道出血,1791.405
上消化道穿孔,1252.58
上睑下垂,2525.86
上肢损伤,657.4444444444445
上肢残端修整,2102.43
上肢皮肤感染,426.795
上肢蜂窝织炎,727.13
上肢骨折,2663.62
上腹痛,36.66799999999999
上颌骨囊肿,4381.24
上颌骨骨折,2118.99
下肢关节和韧带劳损,7.09
下肢动脉栓塞,854.29
下肢动脉硬化闭塞症,16568.305
下肢动脉血栓形成,654.96
下肢局部肿物,722.45
下肢损伤,3396.033333333333
下肢皮肤感染,974.14
下肢肌肉损伤,241.13
下肢血栓性静脉炎,184.18
下肢静脉功能不全伴静,3823.51
下肢静脉曲张,1567.89
下肢静脉曲张伴皮炎,6102.91
下肢静脉炎,64.0
下肢静脉血栓形成,1487.88
下腔静脉血栓形成,1991.81
下颌骨囊肿,704.44
不伴有精神病性症状的重度抑郁发作,3422.17
不稳定型心绞痛,12697.675000000001
不稳定性心绞痛,1664.28
与不想要妊娠有关问题,32.0
丙型病毒性肝炎,741.49
中度抑郁发作,46.739999999999995
中枢性性早熟,2995.49
中枢神经系统脱髓鞘病,6677.46
中耳炎,464.15200000000004
丹毒,730.97
主动脉夹层,24463.075
主动脉夹层B型,23778.91
主动脉夹层［任何部分］,5712.27
主动脉弓狭窄,167191.17
主动脉瓣关闭不全,51511.65
主动脉瓣和二尖瓣特指先天性畸形,18338.08
主动脉缩窄,11703.17
乙型病毒性肝炎,457.23988764044935
乙型肝炎小三阳,1666.59
乙状结肠恶性肿瘤,6309.58
乳头状瘤,7324.96
乳房结节,2706.09
乳房肿块,2060.93
乳房肿物,1148.74
乳房良性肿瘤,3280.605
乳牙滞留,9.695
乳糜性腹水,2605.5
乳腺原位癌,274.98
乳腺增生,6824.8150000000005
乳腺恶性肿瘤,2909.22243902439
乳腺恶性肿瘤，上部,10162.54
乳腺炎,16.65
乳腺癌,1224.89
乳腺纤维囊性增生,3111.76
乳腺肿瘤,2996.8464705882357
乳腺脓肿,9548.26
乳腺腺病,3039.895
乳腺良性肿瘤,2351.91
乳腺良性肿瘤_乳腺肿物切除术,2219.185
二尖瓣疾病,27088.66
二尖瓣返流,30421.0
产前筛查,584.31
产后即时出血,5332.8099999999995
产褥期泌尿系感染,19.26
亨特综合征,3321.73
会厌囊肿,3713.12
会阴脓肿,3304.06
伤寒,3138.295
伤寒性脑膜炎,3.96
伯基特淋巴瘤,41103.32
伯基特细胞白血病,12939.21
伴有精神病性症状的重度抑郁发作,2002.99
低血糖,1453.78
低血糖症,1704.0500000000002
低钙血症,13.05
低钾血症,1265.155
佝偻病,26.91
供肝者,5323.43
便秘,865.792
便血,13414.65
偏头痛,331.2061538461538
偏瘫,2045.585
儿童孤独症,1892.4646153846156
儿童支气管炎,5.19
儿童智障,969.7040740740745
儿童脑瘫,1880.0586363636355
先兆偏头痛,14.42
先兆早产不伴分娩,2141.83
先兆流产,492.5275
先天性巨结肠类源病,1249.155
先天性心内膜垫缺损,42.72
先天性心脏病,18587.88
先天性心脏病术后,1819.295
先天性胆管闭塞性黄疸,13203.29
先天性胆道闭锁,21839.27
先天性脐膨出,1352.63
先天性青光眼,2588.46
先天性髋内翻,12708.92
克山病,6.72
克罗恩病,5976.403333333333
免疫球蛋白升高原因待,7852.55
免疫缺陷,12846.73
全血细胞减少,3967.5
全身炎症反应综合征,526.3766666666667
关节周炎,2214.67
关节强硬,755.44
关节炎,2720.8759459459466
关节疾患,22977.51
关节病,1691.42
关节痛,8.309999999999999
关节积液,1122.47
关节肿物,984.29
关节腱鞘囊肿,428.53
其他,22.29
典型偏头痛,8.31
内生软骨瘤病,2327.75
内痔,1739.275
再生障碍性贫血,1389.0352777777775
冠心病,553.6004284949106
冠心病(简称）,1547.1480392156868
冠心病心律失常型,1042.515
冠状动脉搭桥术后状态,22022.69
冠状动脉支架植入后状态,22198.54
冠状动脉粥样硬化,3880.45
冠状动脉粥样硬化性心脏病,2619.2651086956535
冻结肩,1931.52
分泌性中耳炎,5.84
创伤性硬膜下出血,1593.09
前列腺分泌物异常,21.68
前列腺增,70.15
前列腺增生,1032.2838095238094
前列腺增生!!,3251.26
前列腺增生症,303.09887755102045
前列腺恶性肿瘤,4359.381666666667
前列腺肿瘤,9809.045
前列腺良性肿瘤,722.51
前壁胸痛,114.00999999999999
前庭功能特指疾患,880.57
前庭周围性眩晕,624.15
前庭大腺囊肿,930.06
前臂损伤,3960.86
剖宫产,2684.6839896373035
剖宫产!!,2387.62
剖宫产后子宫切口愈合不良,3255.24
副伤寒丙,9.87
功能性咳嗽,17.88571428571429
功能性腹痛综合征,17.82
功能障碍性子宫出血,865.31
动脉和小动脉其他特指,19076.57
动脉炎,2123.475
动脉狭窄,30955.38
动脉瘤,21970.593333333334
动脉粥样硬化,2660.71
劳力型心绞痛,21381.34
劳力性心绞痛,911.2
包皮囊肿,1371.47
包皮过长,1191.357142857143
包绕性鞘膜积液,2167.67
包茎,1295.6
化脓性中耳炎,1322.1149999999998
化脓性牙龈炎,839.02
化脓性脑膜炎,26651.49
十二指肠息肉,1640.7
十二指肠溃疡,6693.28
十二指肠溃疡伴出血,4339.37
十二指肠球部溃疡,1483.26
十二指肠肿瘤,1812.1
半月板损伤,7702.097500000001
单侧难复性腹股沟斜疝,2067.39
单关节炎,1049.23
单纯性牙周炎,1155.51
单纯性甲状腺肿,2175.73
单胎顺产,1350.8665686274512
单胎顺产!!,1176.86
卵巢冠恶性肿瘤,15325.53
卵巢原位癌,49435.15
卵巢囊肿,5099.553333333333
卵巢巧克力样囊肿,4079.31
卵巢恶性肿瘤,6733.6
卵巢浆液性囊肿,6979.57
卵巢滤泡囊肿,21.81
卵巢肿瘤,4021.1899999999996
原发性双侧膝关节病,21491.9
原发性淀粉样变性,8157.74
原发性甲状腺功能亢进症,35.58
原发性胆汁性肝硬变,13300.2
原发性血小板增多症,309.79333333333335
原发性骨髓纤维化,14469.48
双侧腹股沟斜疝,2604.18
双相情感障碍,1977.2666666666667
双相情感障碍，目前为不伴有精神病性症状的躁狂发作,11718.61
双胎输血综合征,1336.47
反流性食管炎,8015.775000000001
发作性睡病,1688.26
发热,1341.0648684210523
发热待查,37.858
发热性惊厥,1045.17
发育指标延迟,2031.98
发育迟滞,2463.47
发育障碍,3143.12
发育障碍，其他学习技能,1278.9276923076925
取除外固定装置,3762.57
取除输尿管支架,2025.74
取除骨折内固定装置,1756.775
变应性关节炎,293.28
变应性胃炎,942.67
变应性鼻炎,53.53
口咽恶性肿瘤,2432.79
口腔囊肿,1507.09
口腔感染,358.305
口腔炎,1312.12
口腔肿物,6226.15
口腔表皮样囊肿,449.74
可疑冠心病观察,19.39
右肺中叶恶性肿瘤,2397.76
右肺癌,6895.01
吉兰-巴雷［格林-巴利］综合征,36640.43
后天性肾囊肿,29.45
后循环缺血,2645.935
听觉丧失,2152.59
吸入性肺炎,2383.07
呕吐,4219.55
周围神经病,1429.69
呼吸暂停,4037.81
呼吸衰竭,11241.323333333334
呼吸道合胞体病毒肺炎,6677.36
呼吸道感染,14.606666666666667
咯血,1980.15
咳嗽,183.33961538461537
咳嗽变异性哮喘,3.69
咽内异物,21.133333333333333
咽喉痛,14.75
咽恶性肿瘤,39691.84
咽炎,5.76
咽鼓管疾患,1530.76
哭闹,7633.49
哮喘,4058.24
哮喘性支气管炎,667.86
唇裂_单侧完全唇裂修复术,3320.26
喉恶性肿瘤,6672.97
喉炎,608.9449999999999
喉肿物,3466.86
喘息性支气管肺炎,619.4
嗜血杆菌脑膜炎,583.9699999999999
器官移植患者的抗排异治疗,4490.56
器官移植术后抗排异治,151.56
器官移植术后抗排异治疗,6695.557777777779
噬血细胞综合征,4347.6175
坐骨神经痛,683.02
垂体性侏儒症,3758.115
垂体瘤（催乳素瘤）,816.405
垂体肿瘤,2355.02
垂体良性肿瘤,9184.7
埋伏牙,1493.18
基底节出血,4721.99
声带肿物,3466.19
复杂性肛瘘,3293.32
夏科关节病,1849.15
外上唇恶性肿瘤,7.93
外伤,28.080000000000002
外伤性白内障,4057.14
外周血干细胞移植,2186.23
外周血干细胞移植术后抗排异治疗,4225.07
外痔,3504.52
外耳特指疾患,7119.46
外耳道炎,4193.19
外踝骨折,3564.195
外阴恶性肿瘤,8826.95
外阴肿物,489.96
多个部位特指急性上呼吸道感染,9.181000000000001
多动性障碍,6757.45
多发性撕裂伤,47.57
多发性硬化,214.175
多发性脑梗死,551.68
多发性脑梗死!!,827.71
多发性颅神经损害,2975.71
多发性骨髓瘤,8410.8
多囊肾,1841.77
多处挫伤,4840.43
多处烧伤,221.22250000000003
多手指完全切断,2985.4
多指,4244.57
大动脉炎,2357.63
大叶性肺炎,2239.542
大田原综合征,7842.54
大脑动脉狭窄脑梗死,1602.5
大脑动脉闭塞或狭窄引起脑梗死,2344.87
大脑动脉闭塞脑梗死,1302.01
大隐静脉曲张,3555.755
头晕,2370.3931250000005
头晕和眩晕,344.26343749999995
头痛,371.68122448979585
头皮裂伤,1180.4
头部外伤,22.582222222222228
头部的损伤,3343.11
头面颈部皮肤感染,802.1
头颈皮脂腺囊肿,1052.8
女性盆腔炎,906.7270000000001
女性盆腔炎性疾病,17.8
妇科检查,40.92
妊娠剧吐伴有代谢紊乱,1060.1799999999998
妊娠合并子宫瘢痕,1949.815
妊娠合并宫颈机能不全,1562.36
妊娠合并心脏病,10416.41
妊娠合并滴虫性阴道炎,18.22
妊娠合并高血压病,806.8
妊娠期短暂性高血压,2394.14
妊娠期糖尿病,1025.56
妊娠状态,8.434999999999999
妊娠相关情况,51.375
婴儿痉挛症[West综合征],5818.47
子宫内粘连,2213.49
子宫内膜增厚,2424.0
子宫内膜息肉,1971.2042857142858
子宫内膜息肉样增生,755.61
子宫内膜恶性肿瘤,7088.262857142858
子宫内膜炎,1059.65
子宫复旧不全,851.75
子宫多发性平滑肌瘤,3277.99
子宫平滑肌瘤,5282.412
子宫恶性肿瘤,844.04
子宫瘢痕处妊娠,1036.73
子宫纵隔,2769.21
子宫肿瘤,3533.38
子宫腺肌病,4549.96
子宫腺肌症,4435.27
子宫腺肌瘤,2495.31
子宫良性肿瘤,4821.055
子宫附件肿物,4521.68
子宫颈良性肿瘤,4033.785
孔源性视网膜脱离,4206.076666666667
室性心动过速,23554.0
室性早搏,4151.28
室管膜瘤,22368.36
室间隔缺损,14508.470000000001
室间隔缺损修补术后残余分流,4431.61
宫颈上皮内肿瘤,2278.17
宫颈上皮内肿瘤I级,2625.81
宫颈上皮内肿瘤，Ⅱ级,2020.37
宫颈上皮内肿瘤，Ⅲ级,2786.77
宫颈功能不全,1424.95
宫颈原位癌,5219.795
宫颈息肉,1809.8599999999997
宫颈恶性肿瘤,4006.6533333333336
宫颈机能不全,3390.5533333333333
宫颈炎性疾病,1495.24
宫颈癌_经腹腔镜全子宫切除术,1969.45
宫颈癌_经腹腔镜广泛子宫切除术+盆腹腔淋巴结清扫,22824.61
宫颈良性肿瘤,3138.89
宫颈赘生物,783.94
对器官供者的检查,1036.2
对症治疗,1533.5245454545454
小耳畸形,6428.952857142857
小脑扁桃体下疝畸形[Arnold-Chiari综合征],8419.53
小腿其他部位的骨折,6733.68
小腿软组织疾患,926.39
尺神经炎,2658.03
尺骨骨折,2806.706666666667
尺骨鹰嘴骨折,2041.59
尿失禁,1408.92
尿毒症,2926.5330000000004
尿毒症患者的透析治疗,773.3852953156827
尿潴留,1801.775
尿道下裂,3620.895
尿道下裂术后随诊医疗,4161.09
尿道口炎,780.0
尿道损伤,4878.79
尿道狭窄,4742.2699999999995
尿道瘘,3827.17
尿道结石,24.63
左乳癌新辅助化疗后,8129.72
左心衰竭,6641.21
巨细胞病毒感染,518.87
巨结肠,10205.59
帕金森氏病,295.29
帕金森病,1051.5759999999998
帕金森综合征,3054.59
带状疱疹,4340.481999999999
带状疱疹( 不伴有并发症),856.075
带状疱疹性神经痛,2704.25
干燥综合征,135.5975
干燥综合症,290.37
并发性白内障,4986.577499999999
幼儿急疹,4513.02
幼年型特发性关节炎,3790.63
幽门梗阻,3796.37
幽门螺旋杆菌感染,1420.085
广泛性焦虑障碍,2187.88
康复医疗,811.37
开放性小腿多处损伤,35.19
开放性手部损伤,1538.0566666666666
开放性腕部损伤,14.36
开放性足损伤,5.84
开放性趾外伤伴趾甲损坏,21.8
异位妊娠,4246.2699999999995
异常子宫出血,1139.8533333333332
弥漫性外耳炎,6.52
弥漫性甲状腺肿伴甲状腺功能亢进症,1778.9
弥漫性腹膜炎,5896.85
强直性脊柱炎,1590.0721428571426
强迫状态,1917.61
心、脑、大血管支架植入,2579.8266666666664
心内膜炎,2145.14
心力衰竭,1898.0462500000003
心功能不全,4693.506666666667
心动过缓,1420.54
心动过速,490.95
心律失常,10356.607142857143
心律失常，其他特指的,274.29
心房扑动,17236.99
心房纤颤和扑动,1435.79
心房颤动,23368.6625
心源性晕厥,14225.94
心绞痛,7928.53
心肌损害,511.57
心肌梗死前综合征,9064.39
心肌梗死后心绞痛,20851.22
心肌炎,5812.295
心肌病,6697.361999999999
心脏停搏,869.19
心脏停搏复苏成功,17813.79
心脏搭桥术后,11539.05
心脏病,17499.864761904762
心脏病康复,501.4
心脏神经官能症,912.88
心脑大血管支架植入术后抗栓治疗,202.43
心脑大血管支架植入术后抗栓治疗（有效期两年）,335.04815789473685
心脑大血管支架植入（有效期两年）,313.31350000000003
急性上呼吸道感染,57.84119791666675
急性上消化道出血,3078.76
急性上颌窦炎,13.08
急性下壁心肌梗死,10046.49
急性中耳炎,1749.71
急性乳腺炎,634.235
急性会厌炎,1676.95
急性冠脉综合征,1616.845
急性前列腺炎,1195.93
急性前壁心肌梗死,422.74
急性化脓性中耳炎,637.12
急性化脓性扁桃体炎,858.3770000000001
急性化脓性阑尾炎,4357.252
急性化脓性阑尾炎伴穿孔,6250.32
急性化脓性阑尾炎伴穿孔伴局限性腹膜炎,4791.38
急性化脓性阑尾炎伴阑尾周围炎,4413.3
急性呼吸衰竭,13044.79
急性咽喉炎,6.52
急性咽炎,10.329999999999998
急性喉气管炎,662.52
急性喉气管炎!!,752.85
急性喉炎,821.8
急性喘息性支气管炎,698.9540000000001
急性坏疽性阑尾炎伴阑尾周围炎,2998.21
急性女性盆腔炎,836.08
急性尿道炎,10.815000000000001
急性左心衰竭,1949.3
急性心力衰竭,2163.78
急性心肌梗死,9297.54375
急性感染性喉炎,1006.49
急性扁桃体炎,350.8253225806453
急性支气管炎,522.8522981366459
急性支气管炎!!,851.552
急性早幼粒细胞白血病,2930.69
急性气管支气管炎,371.21
急性气管炎,451.9028571428572
急性淋巴细胞白血病,8239.560476190476
急性淋巴细胞白血病，完全缓解,666.38
急性淋巴结炎,350.9
急性牙周炎,81.11833333333334
急性白血病,15322.525
急性糜烂性胃炎,1149.145
急性细支气管炎,1676.72
急性结膜炎,5.31
急性肠炎,2526.285
急性肠系膜淋巴结炎,596.0799999999999
急性肺原性心脏病,1096.97
急性肺栓塞,5045.43
急性肺炎支原体性细支气管炎,4294.27
急性肾衰竭,15032.34
急性胃溃疡伴有出血,2367.85
急性胃炎,354.8866666666666
急性胃肠炎,1970.8950000000002
急性胆囊炎,4719.235000000001
急性胰腺炎,4142.279166666666
急性脑干梗死,2880.05
急性脑膜炎,2286.77
急性腮腺炎,635.49
急性膀胱炎,5.5
急性阑尾炎,2947.5710000000004
急性阑尾炎伴穿孔,4094.0950000000003
急性阴道炎,401.44
急性附睾炎,1774.4966666666667
急性颌下淋巴结炎,24.205
急性颌下腺炎,396.65
急性高侧壁心肌梗死,39734.05
急性鼻咽炎,5.86
急性鼻窦炎,531.7466666666666
恶性淋巴瘤,11727.17
恶性肿瘤,3028.903333333333
"恶性肿瘤,其他不明确部位的",6113.575
恶性肿瘤个人史,2284.95
恶性肿瘤中医治疗,4317.04
恶性肿瘤介入治疗,6857.13
恶性肿瘤化学治疗后随诊检查,6081.43
恶性肿瘤手术后随诊检查,1317.82
恶性肿瘤放射治疗,3116.8333333333335
恶性肿瘤术后放射治疗,5517.033333333334
恶性肿瘤治疗后随诊检查,459.22
恶性肿瘤的放疗、化疗,2311.626823529412
恶性肿瘤相关性PM或DM,10468.859999999999
恶性肿瘤维持性化学治疗,76936.12
恶性肿瘤门诊放化疗,2497.0475518672233
恶性肿瘤靶向治疗,4206.632
情绪性头痛,9.937499999999998
惊厥,410.09000000000003
感冒,15.29894736842105
感染,2834.59
感染性发热,1321.5263636363636
感音神经性耳聋,2287.0466666666666
慢性中耳炎,4378.72
慢性乙型丁型病毒性肝炎,102.7
慢性冠状动脉供血不足,26.095
慢性前列腺炎,300.36333333333334
慢性前列腺炎!!,2216.3033333333333
慢性咽炎,25.590000000000003
慢性喉咽炎,60.82
慢性喉炎,40.15
慢性女性盆腔炎,566.41
慢性尿道炎,9.65
慢性扁桃体炎,3347.771666666667
慢性支气管炎,605.8111170212768
慢性支气管炎伴肺气肿,2323.7641666666664
慢性支气管炎急性发作,2054.1266666666666
慢性根尖周炎,30.09
慢性泪囊炎,435.05
慢性浅表性胃炎,7.38
慢性淋巴细胞白血病,5402.98
慢性牙周炎,6.115
慢性病,5.02
慢性粒细胞性白血病，急淋变,1826.6
慢性肝炎,1667.2375000000002
慢性肠炎,1854.852
慢性肾小球肾炎,817.6430434782609
慢性肾炎,522.3736
慢性肾炎综合征，肾小球轻微病变,2172.83
慢性肾病,2985.35
慢性肾盂肾炎,338.2071428571429
慢性肾脏病5期,5654.44
慢性肾衰竭,6945.360000000001
慢性肾衰竭（慢性肾脏病CKD3-5期）,1420.7682352941174
慢性胃炎,842.7087155963302
慢性胃肠炎,1998.7474999999997
慢性胆囊炎,38908.82
慢性萎缩性胃炎,3728.9449999999997
慢性输卵管炎,1115.91
慢性阑尾炎,13.17
慢性阑尾炎急性发作,364.03
慢性阴道炎,39.65
慢性阻塞性肺疾病,4442.06
慢性阻塞性肺病,1745.8396969696971
慢性阻塞性肺病伴急性加重,1847.7814285714285
慢性阻塞性肺病伴有急性加重,3439.146666666667
慢性髓系白血病,532.64
慢性鼻炎,618.755
慢性鼻窦炎,2681.653333333333
慢性龈炎,9.71
成骨不全症,5488.82
房室传导阻滞,6702.74
房性早搏,22629.35
房间隔缺损,15327.286666666667
扁桃体周围炎,1135.09
扁桃体周脓肿,3909.95
扁桃体炎,787.1519999999999
扁桃体肥大,2734.515
扁桃体肿物,1861.03
扁桃体腺样体肥大,3185.13
手指挤压伤,1595.5766666666661
手指挫伤,2201.1650000000004
手指挫伤伴有指甲损害,2466.95
手指损伤,5543.114285714284
手指骨折，其他的,1980.26
手挤压伤,23147.38333333333
手挫伤,710.685
手掌板断裂,1469.6799999999998
手擦伤,3468.0699999999997
手术后切口感染,825.27
手术后恢复期,2758.29
手术后恶性肿瘤化学治疗,2217.9525000000003
手术后状态，其他特指的,2907.2
手肿胀,601.015
手足口病,3559.11
手部开放性损伤,15385.016666666665
手部指屈肌腱损伤,4475.57
手骨折,1711.94
扩张型心肌病,19528.0675
抑郁发作,5759.89
抑郁性精神病,524.2
抑郁症,362.73799999999994
抑郁障碍,795.8717948717949
抽动秽语综合征,8857.445
抽搐状态,1527.9583333333333
指关节痛风结节,12.35
指甲下出血,3086.78
指骨近节骨折,2818.17
指骨远节骨折,6229.78
指骨骨折,2191.2239999999997
挤压伤,2438.8025
挤压伤!!,3414.43
损伤,3199.1050000000005
掌骨骨折,995.635
排尿困难,58.4
支原体感染,112.72714285714282
支原体肺炎,1629.152222222222
支气管哮喘,844.6700000000001
支气管哮喘，非危重,1560.7833333333335
支气管囊肿,2707.46
支气管或肺恶性肿瘤,4531.735000000001
支气管扩张,842.9033333333333
支气管扩张伴咯血,3222.01
支气管扩张伴感染,758.91
支气管炎,704.6859090909091
支气管炎!!,1141.33
支气管肺炎,1270.4521739130435
支气管肺炎!!,1022.21
新生儿ABO溶血性黄疸,1240.0066666666667
新生儿休克,17004.91
新生儿低血糖症，其他的,2145.24
新生儿吸入综合征,2779.55
新生儿呼吸窘迫综合征,1900.76
新生儿湿肺,4786.48
新生儿溶血症,986.99
新生儿病理性黄疸,1404.8333333333333
新生儿窒息,2348.6575000000003
新生儿肝炎,4291.65
新生儿肺炎,3708.7579999999994
新生儿肺炎杆菌肺炎,8734.2775
新生儿胎粪吸入综合征,915.25
新生儿脑病,3808.8450000000003
新生儿腹泻,1743.45
新生儿败血症,4808.56
新生儿重度窒息,6888.92
新生儿高胆红素血症,1394.6333333333332
无性细胞瘤,1638.81
早产儿,4877.7266666666665
早产儿视网膜病变,1063.19
早产婴儿，其他的,8047.88
昏迷,1075.56
晕厥,1083.14
普通型偏头痛,6.784000000000001
普通精神病类疾病住院,4522.7
晶状体脱位,4428.23
智力低下,4071.885
月经不规则,43.09
朗格汉斯细胞组织细胞增生症,1256.58
未分化型精神分裂症,3309.2349999999997
机化性肺炎,1716.0625
枕大神经痛,4029.76
枕骨骨折,6180.93
查体,21.349999999999998
栓塞性偏瘫,5593.05
根尖周脓肿伴窦道,92.93
桡骨远端骨折,2345.41
桡骨骨折,5820.493846153846
梅尼埃［美尼尔］病,1101.68
梨状窝瘘,4210.3
植物过敏性接触性皮炎,7.73
椎-基底动脉供血不足,619.2616666666667
椎动脉型颈椎病,1464.13
椎基底动脉综合征,1416.0349999999999
椎管狭窄,35256.32
椎间盘疾患性腰痛伴坐骨神经痛,26.926666666666666
椎间盘移位性腰痛,6.015000000000001
椎间盘突出症,246.31196428571425
横纹肌肉瘤,3900.3275
正常分娩,935.19
正常妊娠监督,63.451428571428565
残胃炎,824.74
气管内异物,1297.42
气管炎,1201.87
气管狭窄,1947.2
气胸,2183.99
水痘,1185.43
水肿,1329.095
沙门菌伦敦血清型肠炎,3.5
沙门菌肠炎,10.69
治疗后恢复期,768.8
泌尿器官恶性肿瘤,1304.84
泌尿系结石,664.00375
泌尿系统疾患,668.79
泌尿系统疾病,763.078
泌尿道感染,1922.5590909090906
泌尿道梗阻,1921.95
法洛四联症,22340.05
泪小点狭窄,546.17
流产后腹痛,42.19
流行性感冒,28.98091954022992
流行性感冒伴肺炎，特指流感病毒,6.653333333333333
流行性腮腺炎,485.22
海绵窦脓肿,2093.54
消化不良,32.33379310344827
消化性溃疡,304.82823529411763
消化性溃疡伴出血,992.17
消化道出血,2699.068
淋巴瘤,6841.623333333333
淋巴结炎,3971.18
混合型颈椎病,1573.1208333333334
混合性分离性障碍,1365.96
混合痔,2269.030333333335
湿疹,815.9866666666667
溃疡性口炎,296.56
溃疡性结肠炎,316.73818181818183
溶血性黄疸,1170.68
滑膜囊肿,2742.11
滴虫性阴道炎,42.01
漏出性中耳炎,12.2
漏斗胸,9503.71
烟雾病,26307.34
烧伤,4722.465
烧伤伴有导致眼球破裂和破坏,2110.37
焦虑状态,2125.933333333333
焦虑障碍,1539.91
煤矽肺,5012.96
牙痛,35.71625
牙髓炎,31.448333333333334
特发性突聋,840.71
特发性（原发性）血小板减少性紫癜,368.58
特指上呼吸道疾病,18.79
特指急性胃炎,637.8640000000001
特指慢性阻塞性肺病,1341.21
特指慢性鼻窦炎,1050.98
特指泌尿系疾病,472.0
特指糖尿病,37.74
特指糖尿病伴酮症酸中毒,931.555
特指胆石症,515.06
特指脑内出血,3825.1
特指脑梗死,1649.8100000000004
特指趾骨骨折,1848.32
特指躁狂发作,5896.14
特指软组织疾患,16.64
狭窄性腱鞘炎,554.36
狼疮性肾炎,5065.608571428571
猩红热,1041.07
玻璃体混浊,9915.23
生长发育迟缓,7014.8
甲周炎,11.27
甲型H1N1流行性感冒性肺炎,8.76
甲沟炎,635.9075
甲状腺功能亢进症,2660.6899999999996
甲状腺功能亢进（减退）症,473.56
甲状腺功能减退症,332.84117647058827
甲状腺功能异常,682.1
甲状腺动态未定肿瘤,4116.31
甲状腺囊肿,519.01
甲状腺恶性肿瘤,4321.274444444444
甲状腺术后,727.03
甲状腺机能亢进,361.53875
甲状腺机能亢进症,1042.5
甲状腺机能减退,19.9
甲状腺机能减退症,246.11099999999996
甲状腺炎,1198.78
甲状腺疾患,21.81
甲状腺癌,7466.93
甲状腺结节,3723.504
甲状腺肿伴囊性变,4165.55
甲状腺肿物,4860.9514285714295
甲状腺肿瘤,4630.990000000001
电解质代谢紊乱,1874.69
男性乳房发育,2449.245
畸胎瘤,4985.49
疱疹性口炎病毒病,643.98
疱疹性咽峡炎,757.2187499999999
疼痛,40.5853125
疼痛性脂肪过多症,31.904999999999998
病毒性上呼吸道感染,6.225384615384616
病毒性感冒,6.707999999999998
病毒性感染,6670.06
病毒性皮疹,463.77
病毒性结膜炎,155.11333333333332
病毒性肝炎,2134.23
病毒性肝炎乙型丁型亚急性重型,4447.33
病毒性肝炎乙型慢性重,4595.77
病毒性肠炎,337.77
病毒性肠道感染,792.3877777777777
病毒性脑炎,3211.3540909090907
病毒性脑炎!!,719.0
病毒性脑膜炎,4670.84
病理性骨折,1841.74
症状性癫痫[继发性癫痫],2228.7166666666667
痛风性关节炎,48.845
痢疾,645.61
痣,1689.5
瘢痕子宫,9158.56
瘢痕感染,7305.83
瘢痕挛缩,5368.85
癔症性精神病,811.9633333333335
癫痫,2588.0349019607847
癫痫大发作（伴有或不伴有小发作）,2812.22
癫痫性意识障碍,1105.51
癫痫性精神病,2414.4700000000003
癫痫性脑病,7311.505
癫痫持续状态,2777.53
白内障,2942.9152631578945
白内障术后(大泡性无晶状体的)角膜病变,910.28
白癜风,7929.501578947368
白血病,7435.217142857141
百日咳肺炎,2311.96
皮-罗综合征,2849.41
皮下囊肿,1504.67
皮下肿物,992.095
皮下血肿,1942.925
皮炎,40.105000000000004
皮疹,11.3
皮肌炎,7608.425
皮肌炎DM,1115.83
皮肤恶性肿瘤,3565.09
皮肤恶性黑色素瘤,1056.72
皮肤感染,1489.8733333333332
皮肤感染性窦道,14517.82
皮肤挫伤,1800.4787500000002
皮肤炭疽,16.55142857142857
皮肤病虫侵染,841.1
皮肤真菌感染,205.41
皮肤肿物,1612.0949999999998
皮肤脓肿,1591.86
皮肤裂伤,1778.5378947368422
皮肤赘生物,1128.03
皮脂腺囊肿,1320.6875
盆腔子宫内膜异位症,2791.83
盆腔炎性肿物,799.8
盆腔肿瘤,682.41
盲肠恶性肿瘤,1681.89
直肠乙状结肠连接处恶性肿瘤,11537.73
直肠息肉,8601.42
直肠恶性肿瘤,3253.219310344827
直肠溃疡,3019.64
直肠癌_经腹腔镜超低位直肠癌根治术,18880.02
直肠癌_超低位直肠癌根治术,16272.26
直肠癌伴出血,1980.28
真菌性角膜溃疡,1247.37
眩晕,1271.565
眩晕综合征,899.7262499999999
眼恶性肿瘤,822.5450000000001
眼损伤,608.58
眼球挫伤,1045.96
眼球破裂,1162.13
眼球破裂伤,5829.15
眼眶疾患,6208.8
眼眶肿物,2067.72
眼睑炎,29.49333333333333
眼睑疾患,2942.0099999999998
眼睑粘连性瘢痕,1003.36
眼睑肿物,792.635
"睡眠障碍,其他的",15.42
睾丸炎,1097.21
睾丸炎、附睾炎和附睾-睾丸炎伴脓肿,2972.385
睾丸鞘膜积液,1872.8
短暂性脑缺血发作,1965.5107142857144
矽肺,28214.21
硬膜下血肿,5619.17
硬膜外囊肿,733.12
确认妊娠,40.769166666666656
社区获得性肺炎，重症,1116.07
社区获得性肺炎，非重症,1824.1239999999998
神经性头痛,5423.16
神经性皮炎,60.1
神经性耳鸣,4177.19
神经损伤,4369.775
神经根型腰椎病,1057.975
神经根型颈椎病,866.07
神经根型颈椎病!!,3410.0549999999994
神经炎,4932.79
神经瘤,5744.94
神经纤维瘤,2396.13
神经细胞瘤,11490.63
神经节神经母细胞瘤,2691.8
神经衰弱,425.06500000000005
神经鞘瘤,7890.79
神经麻痹,965.6200000000001
空洞型肺结核，痰镜检（+）,1712.57
突发性耳聋（突发特发性听觉丧失）,2763.38
窦性心动过缓,14974.15
童年孤独症,13859.253333333334
筋膜炎,1551.615
类癌瘤综合征,3150.2933333333335
类风湿关节炎,182.159
类风湿关节炎活动期,196.8287804878049
类风湿性关节炎,1326.5408695652172
粒细胞白血病,4659.85
粒细胞缺乏,3147.675
精神分裂症,3360.8865517241384
精神发育迟缓无或轻微行为缺陷,14134.07
精神性疼痛,6.56
精神障碍,1069.13
精索静脉曲张,1954.2266666666667
精索鞘膜积液,2362.935
糖尿病,255.46738708110686
糖尿病前期,15.76
糖尿病家族史,913.69
糖尿病并发症,364.36062499999997
糖尿病性周围血管病变,204.655
糖尿病性神经炎,808.86
糖尿病性肾病,276.66
糖尿病性视网膜病,4574.82
糖尿病性视网膜病变,4637.02
糖尿病性酮症,3144.62
糖尿病母亲的婴儿综合征,1127.86
糖尿病足,3905.72
糖耐量异常,7.48
糜烂性胃炎,1182.5175
系统性红斑狼疮,1290.6100000000004
系统性红斑狼疮，累及器官或系统,744.54
红斑狼疮,3659.4725000000003
纤维瘤病,3397.915
纤维肉瘤,1504.395
纤维腺瘤,6406.26
纯红细胞再生障碍性贫血,302.0
纵隔囊肿,1696.96
纵隔肿物,13290.86
细菌性感染,839.34
细菌性肺炎,1429.92
终止妊娠影响到胎儿和新生儿,1239.19
结核性胸膜炎，病理（+）,6891.65
结缔组织炎,3063.78
结缔组织病,3007.4933333333333
结肠原位癌,5238.68
结肠和直肠恶性肿瘤,7314.007500000001
结肠息肉,2847.1288888888894
结肠恶性肿瘤,5866.1336363636365
结肠炎,8899.653999999999
结肠肿瘤,2771.71
结膜炎,5.21
结膜肿物,2473.31
结节性甲状腺肿,3571.8225
结节性痒疹,69.4
继发性肺结核,7925.05
"继发性肺结核（初治,单耐药）涂阴培阳",4518.0
缺氧缺血性脑病,1101.39
缺血性心脏病和特指循环系统疾病家族史,1828.58
缺铁性贫血,1127.22
翼状胬肉,1073.0275000000001
老年性关节炎,9590.381666666666
老年性关节炎!!,952.48
老年性白内障,2380.27125
耳漏,2809.68
耳畸形伴听力缺陷,7363.92
耳聋,2223.51
耻骨骨折,1300.78
肉瘤,6936.139999999999
肉芽肿,3133.4
肋骨骨折,2793.491666666667
肋骨骨折!!,1053.52
肌无力,5315.26
肌瘤,3491.79
肌筋膜炎,5.425
肌肉损伤,732.6
肌腱损伤,2070.412
肌腱断裂，操作中,4431.611428571428
肘关节扭伤和劳损,724.96
肘管综合征,2745.79
肛乳头肥大,2405.1966666666667
肛周脓肿,2133.3241176470588
肛瘘,2196.058
肛裂,2583.06
肛门脓肿,6675.53
肝内胆管恶性肿瘤,533.74
肝内胆管结石,6746.62
肝功能不全,753.18
肝功能异常,6727.179999999999
肝占位性病变,1433.79
肝原发性恶性肿瘤,15000.81
肝囊肿,3579.96
肝恶性淋巴瘤,1299.9
肝恶性肿瘤,4966.129523809524
肝炎,5481.815
肝炎后肝硬化,99.04
肝炎后肝硬化失代偿期,10983.1
肝癌伴出血,6337.0
肝癌术后,4318.16
肝硬化,4747.858
肝硬化失代偿期,4160.465
肝移植状态,5549.8675
肝继发性恶性肿瘤,1725.74
肝肾综合征,2179.38
肝肿瘤,59469.243333333325
肝脏移植术后抗排异治疗,6126.72
肝豆状核变性,1808.88
肝错构瘤,2848.15
肠套叠,796.9233333333333
肠梗阻,2990.7512499999993
肠梗阻伴粘连,2620.18
肠炎,2173.498
肠穿孔（非创伤性）,8596.17
肠粘连,9560.12
肠系膜淋巴结炎,628.8333333333334
肠系膜淋巴结结核,2090.59
肠致病性大肠杆菌肠炎,5.13
肠道感染,1117.29
肠道病原性大肠杆菌感染,687.22
肠道病毒性脑膜炎,1482.58
股骨假体周围骨折,29285.19
股骨头坏死,7199.513999999999
股骨头无菌性坏死,4872.228571428571
股骨头缺血性坏死,11217.53
股骨干骨折,4447.295
股骨粗隆间骨折,6322.578181818182
股骨颈骨折,6033.271428571429
股骨骨折,9729.602857142856
肢体麻木,1589.03
肥厚型心肌病，其他的,14282.91
肩关节扭伤,4.7
肩关节痛,44.004999999999995
肩关节脱位,1322.67
肩周炎,3328.1772727272732
肩和上肢烧伤,638.82
肩腱鞘炎,352.67
肩臂多处挫伤,5876.22
肩袖损伤,5644.59
肱肩胛关节周炎,723.43
肱骨外科颈骨折,4513.26
肱骨头无菌性坏死,5763.29
肱骨骨折,3703.8479999999995
肱骨髁上骨折,2681.49
肺下叶恶性肿瘤,4121.0
肺动脉狭窄,6849.11
肺动脉闭锁,22636.88
肺占位性病变,1493.465
肺恶性肿瘤,7464.966122448979
肺恶性肿瘤个人史,1628.002
肺栓塞,4407.365
肺气肿,3838.738
肺源性心脏病,425.04833333333335
肺炎,2342.0925342465766
肺炎支原体急性支气管炎,8.008
肺炎支原体性肺炎,747.1277777777779
肺炎杆菌感染,868.98
肺炎球菌感染,496.31
肺炭疽,13.276666666666666
肺特指疾患,2169.08
肺病,1507.69
肺癌,3285.74
肺移植状态,11747.85
肺结核,3372.7000000000003
肺结核瘤，痰镜检（-）,4443.15
肺结核（有效期两年）,85.49705882352941
肺结核，细菌学和组织学检查为阴性,2473.915
肺结核，细菌学和组织学检查（-）,3944.79
肺结节病,24973.32
肺继发恶性肿瘤,661.795
肺肿瘤,6753.5035714285705
肺脓肿伴有肺炎,15820.87
肺腺癌术后,5169.82
肺部感染,1821.932857142857
肺部阴影,5331.255
肺间质纤维化,1143.704
肾上腺皮质增生,5055.84
肾上腺良性肿瘤,1183.36
肾功能异常,24388.88
肾占位性病变,14600.454999999998
肾发育不良,1280.54
肾型过敏性紫癜,2908.88
肾小球肾炎,2217.36
肾恶性肿瘤,6662.630000000001
肾损伤,6677.7
肾母细胞瘤,14469.39
肾炎,1128.854
肾病,851.734
肾病综合征,1600.9486363636363
肾病综合征伴极微病理改变的肾损害,3830.58
肾病综合征，膜增殖性肾小球肾炎Ⅱ型,7335.05
肾盂积水,15117.99
肾积水伴肾结石,3898.772857142857
肾积水伴肾输尿管结石,1024.89
肾积水伴输尿管结石,3178.9033333333336
肾移植状态,3512.9800000000005
肾结核,3726.64
肾结石,2704.3999999999996
肾结石伴有输尿管结石,1423.895
肾肿瘤,9901.46
肾脏移植,2573.45
肾脏移植术后抗排异治疗,4436.068
肾衰竭,4150.7
肾（除外肾盂）恶性肿瘤,4147.93
肿瘤,7193.555833333332
肿瘤术后同位素治疗,4511.75
胃-食管反流病,14679.34
胃息肉,2740.9014285714284
胃恶性肿瘤,4334.584
胃溃疡,455.32842105263154
胃炎,416.9348529411765
胃炎，其他的,898.9
胃窦恶性肿瘤,3307.75
胃结石,1837.21
胃肠功能紊乱,688.57
胃肠型感冒,7.51
胃肠炎,690.7638461538457
胃肠道间质瘤,1880.73
胃肿瘤,5543.603333333333
胃良性肿瘤,613.34
胃造口状态,857.47
胆囊恶性肿瘤,9383.5
胆囊炎,6935.234285714286
胆囊管结石,5059.58
胆囊结石,3712.2437499999996
胆囊结石伴急性胆囊炎,8020.92
胆囊结石伴胆囊炎,7732.325
胆囊肿,3693.47
胆囊肿瘤,10972.08
胆囊腺肌症,5861.29
胆总管结石,10041.27
胆总管结石伴急性胆囊炎,9643.939999999999
胆总管结石伴急性胆管炎,10225.22
胆汁淤积症,18321.94
胆管恶性肿瘤,10016.598333333333
胆管结石伴胆管炎,2082.77
胆管闭锁,4776.58
胆道吻合口狭窄,1979.51
胆道感染,5150.335
背部痛，其他特指的,1237.29
背部肿物,676.75
胎儿死亡,1111.23
胎儿畸形,1184.8875
胫腓骨干骨折,7287.12
胫骨上端骨折,16251.99
胫骨平台骨折,6588.57
胫骨骨干骨折,16075.66
胫骨骨折,6830.654999999999
胰恶性肿瘤,1845.27
胰腺原位癌,3761.25
胰腺恶性肿瘤,6547.75
胰腺恶性肿瘤个人史,7406.43
胰腺疾患,9838.25
胰腺继发恶性肿瘤,4101.09
胰腺肿瘤,4853.5
胸壁挫伤,118.92
胸壁肿物,1027.29
胸椎良性肿瘤,21580.22
胸椎间盘突出,7644.2
胸椎骨折,10326.016666666666
胸椎骨折T11/T12,2332.64
胸痛,227.98000000000002
胸腔积液,2822.6333333333337
胸腰椎间盘变性,14.6
胸腺瘤，B2型,7038.51
胸膜炎,1255.2099999999998
胸部损伤,1322.37
胸闷,3718.3500000000004
胸骨骨折,607.37
脂肪瘤,1646.7111111111112
脉络膜新生血管,2896.97
脉络膜炎,2300.74
脉络膜脱离,6266.95
脉络膜良性肿瘤,4560.03
脊柱侧弯,49387.065
脊柱关节炎,24.724999999999998
脊柱关节炎（强直性脊柱炎）,1127.1823076923074
脊椎病,2466.41
脊髓占位性病变,18583.76
脊髓型颈椎病,34585.88
脊髓恶性肿瘤,444.58
脊髓损伤后遗症,6865.88
脊髓栓塞,13973.32
脊髓灰质炎后遗症,10004.63
脊髓空洞症,21129.78
脑内出血,4584.3933333333325
脑出血,7266.4919230769265
脑出血后遗症,6200.866666666666
脑出血后遗症期,624.2620833333333
脑出血恢复期,4262.4725
脑出血血肿扩大,8556.65
脑动脉供血不足,1266.0506976744184
脑动脉瘤,23165.07
脑动脉瘤破裂,38342.75
脑动脉粥样硬化,1239.385
脑外伤后尿崩症,23.546666666666667
脑外伤后综合征,1267.5925
脑室出血,11786.869999999999
脑室恶性肿瘤,2289.63
脑干梗死,2447.61
脑性瘫痪,3149.2
脑恶性肿瘤,2906.4
脑挫伤,1000.94
脑栓塞,16952.265
脑梗塞,1039.9819444444445
脑梗塞后遗症期,264.5418413597733
脑梗死,2526.17840909091
脑梗死后遗症,3134.455333333333
脑梗死恢复期,3845.816666666667
脑炎,3011.1040000000003
脑积水,6842.591666666667
脑继发恶性肿瘤,7625.99
脑缺血灶,2240.74
脑肿物,3531.06
脑肿瘤,24072.766000000003
脑膜瘤,12353.635
脑萎缩,2372.2666666666664
脑血栓后遗症,1964.84
脑血栓形成,1486.612105263158
脑血管畸形,23103.27
脑血管病,1317.5719999999997
脑震荡,728.18
脑静脉畸形,11822.990000000002
脓毒性休克,13469.23
脓毒血症,2618.718
脱垂性内痔,3812.4
脱髓鞘病,5903.22
脾功能亢进,4462.12
腓骨骨折,5866.222
腔隙性脑梗死,2015.0
腔隙性脑梗死!!,1381.09
腕关节扭伤,3294.82
腕关节肿物,2335.4
腕和手损伤,22.07
腕和手的损伤,8547.3
腕掌关节脱位,1644.17
腕部损伤,6962.92
N窝脓肿,2786.605
腭裂,3731.685
腮腺囊肿,4993.09
腮腺炎性假瘤,298.72
腰椎压缩性骨折,2816.86
腰椎扭伤和劳损,8.96
腰椎滑脱,22813.096666666668
腰椎管狭窄,19157.514
腰椎退行性病变,721.68
腰椎间盘,126.77
腰椎间盘变性,1032.83
腰椎间盘突出,2123.2040957446807
腰椎间盘突出!!,3066.382
腰椎间盘突出伴脊髓病,645.44
腰椎间盘突出症－腰椎间盘摘除术（腰麻）,10.28
腰椎间盘脱出伴坐骨神经痛,1045.9050000000002
腰椎间盘退行性病变,774.565
腰椎骨折,9923.054285714285
腰椎骨折L1,2362.64
腰椎骨折L2,22225.91
腰椎骨折L3,4546.96
腰痛,352.8905555555555
腰痛伴坐骨神经痛,30.51
腰肌劳损,6.207142857142856
腰背痛,8557.48
腰部扭伤,360.28999999999996
腰部软组织损伤,7.1
腱鞘炎,954.3933333333333
腹主动脉狭窄,20910.97
腹壁结核,6613.45
腹壁脂肪瘤,832.51
腹壁脓肿,1116.33
腹水,3425.03
腹泻,2294.525
腹痛,721.2241666666672
腹痛，其他和未特指的,530.28
腹股沟嵌顿性滑疝,7871.1
腹股沟斜疝,2589.236666666666
腹股沟淋巴结继发恶性肿瘤,1150.29
腹股沟疝,2673.37
腹股沟疝－腹股沟疝修补术(单病种管理),7020.51
腹股沟癣,39.65
腹股沟直疝,2383.47
腹股沟肿物,1128.08
腹腔肿瘤,10584.08
腹部肿胀,4031.08
腺性膀胱炎,1759.44
腺样囊性癌,11637.775
腺病毒感染,1223.13
膀胱内异物,5523.76
膀胱原位癌,2528.34
膀胱恶性肿瘤,1423.7133333333331
膀胱炎,4097.4875
膀胱肿瘤,3399.41
膜性肾病,2361.68
膝关节副韧带扭伤,5799.76
膝关节十字韧带损伤,34604.03
膝关节损伤,544.17
膝关节滑膜囊肿,23601.19
膝关节滑膜炎,1686.7925
膝关节病,5281.485555555556
膝关节痛,2737.7966666666666
膝关节结核,32.0
膝关节置换术后疼痛,6949.77
膝半月板撕裂,3811.14
臀皮肤感染,2687.7
臀部肿物,6825.91
臂丛神经损伤,15974.4
自发性气胸,2462.31
自身免疫性肝病,1281.19
自身免疫病,3544.42
舌恶性肿瘤,54.54
舌系带过短,1004.45
舌缘恶性肿瘤,10022.81
良性阵发性位置性眩晕,1658.22
艾柯病毒急性支气管炎,5.25
节段性肺炎,1533.15
节肢动物咬伤,27.78
荨麻疹,33.00666666666667
药物性肝炎,2890.29
菌血症,29662.690000000002
营养不良,1926.53
虹膜睫状体炎,418.87
蛛网膜下出血,11837.96
蛛网膜下腔出血,24659.670000000002
蛛网膜下腔出血恢复期,4727.89
蜂窝织炎,1039.7
血友病,3838.704166666667
血小板减少,2253.93
血小板减少待查,7731.54
血小板减少性紫癜,14831.87
血尿,2816.55
血栓性微血管病,142.83
血液透析状态,4448.563333333333
血管性头痛,86.595
血管损伤,32399.21
血管炎,11351.386666666665
血管瘤,3807.054
血管瘤，任何部位,2144.74
血管神经性水肿,27139.73
表皮囊肿,453.21
视物模糊,11.52
视神经炎,2228.56
视神经病,3216.3
视网膜动脉栓塞,1796.57
视网膜坏死,2647.715
视网膜恶性肿瘤,3351.22
视网膜疾患,1202.29
视网膜脱离,3884.5675
角膜异物,11.94
角膜溃疡,3012.1
角膜炎,2928.0016666666666
角膜白斑,2150.2000000000003
角膜移植状态,1175.525
角膜肿物,2922.37
言语障碍,1659.07
贝赫切特病（白塞病）,983.0
贝赫切特综合征,8010.72
败血症,1679.4366666666667
贫血,3561.1757142857145
足拇长肌腱损伤,2546.01
足挫伤,837.4866666666667
足特指先天性变形,13792.46
足特指肌腱端病,1670.55
足皮肤感染,588.31
足软组织感染,448.23
足骨折,1368.4066666666665
趾关节脱位,635.74
趾骨骨折,1900.6
趾骨骨折，其他的,18111.52
跖骨骨折,2848.7275
跟腱断裂,1760.35
跟骨骨折,7384.3836363636365
[囊炎,1537.22
踝关节囊肿,1493.88
踝关节骨折,1867.69
踝和足损伤,38.5
踝挤压伤,1553.85
踝骨骨折,6157.25
躁狂状态,577.65
躯体化障碍,2611.36
躯体形式障碍,3301.5550000000003
躯干皮肤感染,20.53
软组织疾患,2411.0066666666667
输卵管壶腹部妊娠,3528.2
输卵管妊娠,4169.58
输卵管妊娠流产,2574.81
输卵管妊娠－经腹单侧输卵管切除,43.89863636363638
输卵管妊娠－经腹单侧输卵管切除术(单病种管理),54.15781818181818
输卵管妊娠－经腹单侧输卵管开窗,40.525
输卵管妊娠－经腹腔镜单侧输卵管,23.07
输卵管妊娠－经腹腔镜单侧输卵管切除术(单病种管理),116.08
输卵管肿瘤,2953.46
输尿管囊肿,2185.12
输尿管恶性肿瘤,8550.76
输尿管积水,13924.73
输尿管结石,1254.9532352941176
输尿管结石伴有积水和感染,1790.595
过敏性休克,528.74
过敏性皮炎,12.94
过敏性皮疹,2415.74
过敏性紫癜,2634.923
过敏性紫癜性肾炎,906.19
运动性周围神经病,1621.67
遗传性代谢病,9688.4
酒精中毒性精神障碍,640.8000000000001
酒精性肝病,2902.37
酒精性肝硬化,4110.66
酸中毒,1594.15
重度骨关节病,15198.26
重性精神疾病,194.04220930232555
重症肌无力,1839.3671428571429
重症肺炎,14603.1625
银屑病,796.1129411764704
链球菌性扁桃体炎,5.72
链球菌感染,525.616
锁骨骨折,3198.911666666667
间变大细胞淋巴瘤,9186.91
间质性肺炎,6264.34
间质性肺病,1887.19
阑尾周围脓肿,5095.31
阑尾炎,2815.267222222222
阴囊肿物,3842.99
阴茎阴囊部尿道下裂,19111.59
阴道前后壁脱垂,1398.0625
阴道前壁脱垂,1405.87
阴道炎,301.76
阵发性室上性心动过速,769.01
阻塞性睡眠呼吸暂停综合征,4433.666666666667
阻塞性肺气肿,2365.045
阿-斯综合征,7699.15
附睾囊肿,2928.16
陈旧性尺桡骨骨折,5819.43
陈旧性胫骨骨折,2088.46
隐匿性系统性红斑狼疮,684.57
隐匿性阴茎,5639.275
隐孢子虫病,4.49
隐睾,2389.93
霍奇金淋巴瘤,6082.455
青光眼,5780.505714285714
青光眼性白内障,2010.91
青光眼术后浅前房,7703.92
青光眼睫状体炎综合征,422.82
静脉曲张,3870.008333333333
静脉栓塞,2340.98
静脉炎和血栓性静脉炎,1900.47
静脉血栓形成,2162.366666666667
非化脓性中耳炎,5.25
非小细胞癌,3132.7978571428566
非霍奇金淋巴瘤,3533.08875
非霍奇金淋巴瘤（B细胞型）,3836.86
面横裂,3375.27
面神经炎,1302.375
面神经疾患,1306.9180000000001
面神经麻痹,2381.83
面肌痉挛,2867.67
面部损伤,878.81
面部皮脂腺囊肿,603.72
面部矫形术后整形,8.18
面部肿物,2782.58
面部蜂窝织炎,473.78
面部裂伤,560.73
面部软组织挫伤,1152.37
鞘膜积液,2132.1366666666668
韧带松弛,6024.09
顽固性贫血,574.11
预防性免疫治疗,67.35
颅内出血,695.28
颅内占位性病变,27216.9
颅内多发动脉瘤,5681.1
颅内恶性肿瘤,5052.33
颅内感染,1476.9886956521739
颅内感染!!,471.605
颅内静脉窦血栓形成,3904.64
颅骨骨折,3180.385
颈椎不稳定,407.24
颈椎病,1708.6405555555557
颈椎病!!,1087.26
颈椎退行性病变,1289.99
颈椎间盘突出,1742.7982926829268
颈椎骨折C5,450.25
颈淋巴结结核,3087.4449999999997
颈肩综合征,80.41
颈部局部肿物,20773.96
颈部恶性肿瘤,2837.14
颈部淋巴管瘤,3364.27
颈部皮肤良性肿瘤,774.52
颈部肿物,3126.96
颈部肿物待查,3853.72
颈部脂肪瘤,785.44
颈部脓肿,1067.78
颈部软组织感染,12.48
颈部食管恶性肿瘤,11751.45
颌骨继发恶性肿瘤,21480.26
频发性室性期外收缩,15077.36
额外牙［多生牙］,2278.92
风湿性关节炎,657.6466666666666
风湿性心脏病,9882.775555555554
食物过敏性皮炎,6.14
食管息肉,416.86
食管恶性肿瘤,12918.435
食管炎,2071.0333333333333
食管肿瘤,792.2
食管静脉曲张,9840.41
食道中上段恶性肿瘤,926.43
马蹄内翻足,10376.78
骨坏死,10607.905
骨恶性肿瘤,27597.58
骨折,7507.390163934424
骨折内固定装置障碍,7544.116666666666
骨折外固定装置的调整,2600.15
骨折术后,4057.376666666667
骨折连接不正,6713.344999999999
骨盆骨折,1987.61
骨质增生,15.655
骨质疏松,18.119999999999997
骨质疏松伴有病理性骨折,59.79
骨质疏松伴病理性骨折,5773.35
骨软骨病,1472.77
骨髓增生异常综合征,12139.875555555556
骨髓炎,7904.32
骨髓瘤病,7272.193333333334
骨髓移植术后抗排异治疗,4776.33
骨髓纤维化,4354.9
骶尾部肿物,3592.16
髋关节假体松动,16292.24
髋关节内翻变形,12448.21
髋关节半脱位,2192.76
髋关节滑膜炎,897.25
髋关节病理性脱位,20092.72
髋关节积液,894.41
髋关节置换术后,1912.34
髋关节脱位,21762.885000000002
髋部肿物,682.54
髌骨骨折,2940.6357142857146
髓外浆细胞瘤,1559.26
高同型半胱氨酸血症,3394.74
高热,458.88
高热惊厥,852.85
高胆红素血症,1360.5799999999997
高脂血症,51.59
高血压,242.70440506329123
高血压1级,7.625
高血压I期,2142.985
高血压Ⅱ期,558.8216666666666
高血压Ⅲ,313.14
高血压Ⅲ期,1290.7242857142858
高血压危象,2337.47
高血压并发症,330.26
高血压性心脏病,2971.63
高血压病,1652.449821428572
高血压病1级（高危）,387.77
高血压病3级（极高危）,4218.7699999999995
高血压病3级（高危）,4250.97
高血压病二期,298.68841463414634
高血压脑出血,1696.49
高血压脑病,1841.11
高血糖素分泌增多,4.93
麻疹合并上呼吸道感染,4.74
黄斑前膜,4791.47
鼻出血,1843.16
鼻咽恶性肿瘤,3355.4839999999995
鼻咽顶恶性肿瘤,32382.33
鼻息肉,2861.523333333333
鼻恶性肿瘤,40163.25
鼻炎,660.57
鼻窦炎,2074.8216666666667
鼻腔肿物,4085.33
鼻骨骨折,1530.6366666666665
龟头炎,949.845
